{
  "fig2a": {
    "1": {
      "avg_angle": 0.28025881016728427,
      "error": 0.029411282901261087
    },
    "3": {
      "avg_angle": 0.2669727987290475,
      "error": 0.030678296602744216
    },
    "5": {
      "avg_angle": 0.2780239211712177,
      "error": 0.02320862987789729
    }
  },
  "fig2b": {
    "2": {
      "avg_angle": 0.37878292064588437,
      "error": 0.08102541078001019
    },
    "4": {
      "avg_angle": 0.368820672833195,
      "error": 0.048774836230853394
    },
    "6": {
      "avg_angle": 0.34322031564684724,
      "error": 0.03495991743419578
    },
    "7": {
      "avg_angle": 0.2694664309084034,
      "error": 0.026783099240081796
    },
    "8": {
      "avg_angle": 0.2562678953569947,
      "error": 0.02413040910261795
    }
  },
  "fig2c": {
    "qaoa": {
      "avg_angle": 0.23323204884037388,
      "error": 0.02009347228904988
    },
    "kt": {
      "avg_angle": 0.08029659035757669,
      "error": 0.007542439649254213
    },
    "kmeans": {
      "avg_angle": 0.0804998678177331,
      "error": 0.007662788755721583
    }
  },
  "fig2e": {
    "quafu": {
      "avg_angle": 0.21912844494427924,
      "error": 0.09815889943684748
    },
    "qaoa": {
      "avg_angle": 0.08503629841542751,
      "error": 0.024805490521954344
    },
    "kt": {
      "avg_angle": 0.11402750248436258,
      "error": 0.02165385432748722
    },
    "kmeans": {
      "avg_angle": 0.07784234801711377,
      "error": 0.017592092071132593
    }
  }
}